Username,Length,Special Characters,Number of Special Characters,Unique Special Characters,Numbers,Number of Words,-,.,~,_,Cluster,Most Important Features
shahab.sheikh,13,1,1,['.'],0,2,0,1,0,0,3,"Index(['Number of Words', 'Unique Special Characters', 'Special Characters',
       'Username', 'Numbers', 'Length', 'Number of Special Characters', '-',
       '.'],
      dtype='object')"
roumel.mercado,14,1,1,['.'],0,2,0,1,0,0,3,"Index(['Number of Words', 'Unique Special Characters', 'Special Characters',
       'Username', 'Numbers', 'Length', 'Number of Special Characters', '-',
       '.'],
      dtype='object')"
wazir.preena,12,1,1,['.'],0,2,0,1,0,0,3,"Index(['Number of Words', 'Unique Special Characters', 'Special Characters',
       'Username', 'Numbers', 'Length', 'Number of Special Characters', '-',
       '.'],
      dtype='object')"
aysha.maarefi,13,1,1,['.'],0,2,0,1,0,0,3,"Index(['Number of Words', 'Unique Special Characters', 'Special Characters',
       'Username', 'Numbers', 'Length', 'Number of Special Characters', '-',
       '.'],
      dtype='object')"
arvin.prudente,14,1,1,['.'],0,2,0,1,0,0,3,"Index(['Number of Words', 'Unique Special Characters', 'Special Characters',
       'Username', 'Numbers', 'Length', 'Number of Special Characters', '-',
       '.'],
      dtype='object')"
salman.abdulla,14,1,1,['.'],0,2,0,1,0,0,3,"Index(['Number of Words', 'Unique Special Characters', 'Special Characters',
       'Username', 'Numbers', 'Length', 'Number of Special Characters', '-',
       '.'],
      dtype='object')"
classone,8,0,0,[],0,1,0,0,0,0,1,"Index(['Number of Words', 'Unique Special Characters', 'Special Characters',
       'Username', 'Numbers', 'Length', 'Number of Special Characters', '-',
       '.'],
      dtype='object')"
mark.adams,10,1,1,['.'],0,2,0,1,0,0,3,"Index(['Number of Words', 'Unique Special Characters', 'Special Characters',
       'Username', 'Numbers', 'Length', 'Number of Special Characters', '-',
       '.'],
      dtype='object')"
terence.gibbs,13,1,1,['.'],0,2,0,1,0,0,3,"Index(['Number of Words', 'Unique Special Characters', 'Special Characters',
       'Username', 'Numbers', 'Length', 'Number of Special Characters', '-',
       '.'],
      dtype='object')"
david.harkin,12,1,1,['.'],0,2,0,1,0,0,3,"Index(['Number of Words', 'Unique Special Characters', 'Special Characters',
       'Username', 'Numbers', 'Length', 'Number of Special Characters', '-',
       '.'],
      dtype='object')"
alvin.reddy,11,1,1,['.'],0,2,0,1,0,0,3,"Index(['Number of Words', 'Unique Special Characters', 'Special Characters',
       'Username', 'Numbers', 'Length', 'Number of Special Characters', '-',
       '.'],
      dtype='object')"
ioan.fagadau,12,1,1,['.'],0,2,0,1,0,0,3,"Index(['Number of Words', 'Unique Special Characters', 'Special Characters',
       'Username', 'Numbers', 'Length', 'Number of Special Characters', '-',
       '.'],
      dtype='object')"
suaib.adjilani,14,1,1,['.'],0,2,0,1,0,0,3,"Index(['Number of Words', 'Unique Special Characters', 'Special Characters',
       'Username', 'Numbers', 'Length', 'Number of Special Characters', '-',
       '.'],
      dtype='object')"
jibin.john,10,1,1,['.'],0,2,0,1,0,0,3,"Index(['Number of Words', 'Unique Special Characters', 'Special Characters',
       'Username', 'Numbers', 'Length', 'Number of Special Characters', '-',
       '.'],
      dtype='object')"
noofal.alsoofi,14,1,1,['.'],0,2,0,1,0,0,3,"Index(['Number of Words', 'Unique Special Characters', 'Special Characters',
       'Username', 'Numbers', 'Length', 'Number of Special Characters', '-',
       '.'],
      dtype='object')"
ruba.ghannam,12,1,1,['.'],0,2,0,1,0,0,3,"Index(['Number of Words', 'Unique Special Characters', 'Special Characters',
       'Username', 'Numbers', 'Length', 'Number of Special Characters', '-',
       '.'],
      dtype='object')"
helpdesk,8,0,0,[],0,1,0,0,0,0,1,"Index(['Number of Words', 'Unique Special Characters', 'Special Characters',
       'Username', 'Numbers', 'Length', 'Number of Special Characters', '-',
       '.'],
      dtype='object')"
braulio.mantos,14,1,1,['.'],0,2,0,1,0,0,3,"Index(['Number of Words', 'Unique Special Characters', 'Special Characters',
       'Username', 'Numbers', 'Length', 'Number of Special Characters', '-',
       '.'],
      dtype='object')"
hannah.meek,11,1,1,['.'],0,2,0,1,0,0,3,"Index(['Number of Words', 'Unique Special Characters', 'Special Characters',
       'Username', 'Numbers', 'Length', 'Number of Special Characters', '-',
       '.'],
      dtype='object')"
mehdi.sahbi,11,1,1,['.'],0,2,0,1,0,0,3,"Index(['Number of Words', 'Unique Special Characters', 'Special Characters',
       'Username', 'Numbers', 'Length', 'Number of Special Characters', '-',
       '.'],
      dtype='object')"
lolowa.alromaihi,16,1,1,['.'],0,2,0,1,0,0,3,"Index(['Number of Words', 'Unique Special Characters', 'Special Characters',
       'Username', 'Numbers', 'Length', 'Number of Special Characters', '-',
       '.'],
      dtype='object')"
gulsheer.ahmed,14,1,1,['.'],0,2,0,1,0,0,3,"Index(['Number of Words', 'Unique Special Characters', 'Special Characters',
       'Username', 'Numbers', 'Length', 'Number of Special Characters', '-',
       '.'],
      dtype='object')"
saladin.blin,12,1,1,['.'],0,2,0,1,0,0,3,"Index(['Number of Words', 'Unique Special Characters', 'Special Characters',
       'Username', 'Numbers', 'Length', 'Number of Special Characters', '-',
       '.'],
      dtype='object')"
shabbir.kawari,14,1,1,['.'],0,2,0,1,0,0,3,"Index(['Number of Words', 'Unique Special Characters', 'Special Characters',
       'Username', 'Numbers', 'Length', 'Number of Special Characters', '-',
       '.'],
      dtype='object')"
anit,4,0,0,[],0,1,0,0,0,0,1,"Index(['Number of Words', 'Unique Special Characters', 'Special Characters',
       'Username', 'Numbers', 'Length', 'Number of Special Characters', '-',
       '.'],
      dtype='object')"
elsa.rotilles,13,1,1,['.'],0,2,0,1,0,0,3,"Index(['Number of Words', 'Unique Special Characters', 'Special Characters',
       'Username', 'Numbers', 'Length', 'Number of Special Characters', '-',
       '.'],
      dtype='object')"
nisam.shamsudheen,17,1,1,['.'],0,2,0,1,0,0,3,"Index(['Number of Words', 'Unique Special Characters', 'Special Characters',
       'Username', 'Numbers', 'Length', 'Number of Special Characters', '-',
       '.'],
      dtype='object')"
azim.khan,9,1,1,['.'],0,2,0,1,0,0,3,"Index(['Number of Words', 'Unique Special Characters', 'Special Characters',
       'Username', 'Numbers', 'Length', 'Number of Special Characters', '-',
       '.'],
      dtype='object')"
nasser.alkhalaf,15,1,1,['.'],0,2,0,1,0,0,3,"Index(['Number of Words', 'Unique Special Characters', 'Special Characters',
       'Username', 'Numbers', 'Length', 'Number of Special Characters', '-',
       '.'],
      dtype='object')"
hia_twr.supervisor,18,1,2,"['.', '_']",0,2,0,1,0,1,4,"Index(['Number of Words', 'Unique Special Characters', 'Special Characters',
       'Username', 'Numbers', 'Length', 'Number of Special Characters', '-',
       '.'],
      dtype='object')"
maurah.sheedy,13,1,1,['.'],0,2,0,1,0,0,3,"Index(['Number of Words', 'Unique Special Characters', 'Special Characters',
       'Username', 'Numbers', 'Length', 'Number of Special Characters', '-',
       '.'],
      dtype='object')"
nadeem.akram,12,1,1,['.'],0,2,0,1,0,0,3,"Index(['Number of Words', 'Unique Special Characters', 'Special Characters',
       'Username', 'Numbers', 'Length', 'Number of Special Characters', '-',
       '.'],
      dtype='object')"
hia.it,6,1,1,['.'],0,2,0,1,0,0,3,"Index(['Number of Words', 'Unique Special Characters', 'Special Characters',
       'Username', 'Numbers', 'Length', 'Number of Special Characters', '-',
       '.'],
      dtype='object')"
saif.mohammed,13,1,1,['.'],0,2,0,1,0,0,3,"Index(['Number of Words', 'Unique Special Characters', 'Special Characters',
       'Username', 'Numbers', 'Length', 'Number of Special Characters', '-',
       '.'],
      dtype='object')"
azhar.shaikh,12,1,1,['.'],0,2,0,1,0,0,3,"Index(['Number of Words', 'Unique Special Characters', 'Special Characters',
       'Username', 'Numbers', 'Length', 'Number of Special Characters', '-',
       '.'],
      dtype='object')"
belal.saif,10,1,1,['.'],0,2,0,1,0,0,3,"Index(['Number of Words', 'Unique Special Characters', 'Special Characters',
       'Username', 'Numbers', 'Length', 'Number of Special Characters', '-',
       '.'],
      dtype='object')"
jassim.alsooj,13,1,1,['.'],0,2,0,1,0,0,3,"Index(['Number of Words', 'Unique Special Characters', 'Special Characters',
       'Username', 'Numbers', 'Length', 'Number of Special Characters', '-',
       '.'],
      dtype='object')"
johan.venter,12,1,1,['.'],0,2,0,1,0,0,3,"Index(['Number of Words', 'Unique Special Characters', 'Special Characters',
       'Username', 'Numbers', 'Length', 'Number of Special Characters', '-',
       '.'],
      dtype='object')"
danah.yousef,12,1,1,['.'],0,2,0,1,0,0,3,"Index(['Number of Words', 'Unique Special Characters', 'Special Characters',
       'Username', 'Numbers', 'Length', 'Number of Special Characters', '-',
       '.'],
      dtype='object')"
zaheer.ansari,13,1,1,['.'],0,2,0,1,0,0,3,"Index(['Number of Words', 'Unique Special Characters', 'Special Characters',
       'Username', 'Numbers', 'Length', 'Number of Special Characters', '-',
       '.'],
      dtype='object')"
temp,4,0,0,[],0,1,0,0,0,0,1,"Index(['Number of Words', 'Unique Special Characters', 'Special Characters',
       'Username', 'Numbers', 'Length', 'Number of Special Characters', '-',
       '.'],
      dtype='object')"
doha.ais,8,1,1,['.'],0,2,0,1,0,0,3,"Index(['Number of Words', 'Unique Special Characters', 'Special Characters',
       'Username', 'Numbers', 'Length', 'Number of Special Characters', '-',
       '.'],
      dtype='object')"
pubudu.sanda,12,1,1,['.'],0,2,0,1,0,0,3,"Index(['Number of Words', 'Unique Special Characters', 'Special Characters',
       'Username', 'Numbers', 'Length', 'Number of Special Characters', '-',
       '.'],
      dtype='object')"
maryam.alrashdi,15,1,1,['.'],0,2,0,1,0,0,3,"Index(['Number of Words', 'Unique Special Characters', 'Special Characters',
       'Username', 'Numbers', 'Length', 'Number of Special Characters', '-',
       '.'],
      dtype='object')"
jibin.john.hia,14,1,2,['.'],0,3,0,1,0,0,4,"Index(['Number of Words', 'Unique Special Characters', 'Special Characters',
       'Username', 'Numbers', 'Length', 'Number of Special Characters', '-',
       '.'],
      dtype='object')"
kevin.jones,11,1,1,['.'],0,2,0,1,0,0,3,"Index(['Number of Words', 'Unique Special Characters', 'Special Characters',
       'Username', 'Numbers', 'Length', 'Number of Special Characters', '-',
       '.'],
      dtype='object')"
bilal.ahmed,11,1,1,['.'],0,2,0,1,0,0,3,"Index(['Number of Words', 'Unique Special Characters', 'Special Characters',
       'Username', 'Numbers', 'Length', 'Number of Special Characters', '-',
       '.'],
      dtype='object')"
ka.yeung,8,1,1,['.'],0,2,0,1,0,0,3,"Index(['Number of Words', 'Unique Special Characters', 'Special Characters',
       'Username', 'Numbers', 'Length', 'Number of Special Characters', '-',
       '.'],
      dtype='object')"
osama.altamimi,14,1,1,['.'],0,2,0,1,0,0,3,"Index(['Number of Words', 'Unique Special Characters', 'Special Characters',
       'Username', 'Numbers', 'Length', 'Number of Special Characters', '-',
       '.'],
      dtype='object')"
allan.douglas,13,1,1,['.'],0,2,0,1,0,0,3,"Index(['Number of Words', 'Unique Special Characters', 'Special Characters',
       'Username', 'Numbers', 'Length', 'Number of Special Characters', '-',
       '.'],
      dtype='object')"
chandran.kuzhikkattu,20,1,1,['.'],0,2,0,1,0,0,3,"Index(['Number of Words', 'Unique Special Characters', 'Special Characters',
       'Username', 'Numbers', 'Length', 'Number of Special Characters', '-',
       '.'],
      dtype='object')"
harvey.rojas,12,1,1,['.'],0,2,0,1,0,0,3,"Index(['Number of Words', 'Unique Special Characters', 'Special Characters',
       'Username', 'Numbers', 'Length', 'Number of Special Characters', '-',
       '.'],
      dtype='object')"
hia1122,7,0,0,[],1,1,0,0,0,0,1,"Index(['Number of Words', 'Unique Special Characters', 'Special Characters',
       'Username', 'Numbers', 'Length', 'Number of Special Characters', '-',
       '.'],
      dtype='object')"
igor.lapshyn,12,1,1,['.'],0,2,0,1,0,0,3,"Index(['Number of Words', 'Unique Special Characters', 'Special Characters',
       'Username', 'Numbers', 'Length', 'Number of Special Characters', '-',
       '.'],
      dtype='object')"
kevin.dekock,12,1,1,['.'],0,2,0,1,0,0,3,"Index(['Number of Words', 'Unique Special Characters', 'Special Characters',
       'Username', 'Numbers', 'Length', 'Number of Special Characters', '-',
       '.'],
      dtype='object')"
jason.meek,10,1,1,['.'],0,2,0,1,0,0,3,"Index(['Number of Words', 'Unique Special Characters', 'Special Characters',
       'Username', 'Numbers', 'Length', 'Number of Special Characters', '-',
       '.'],
      dtype='object')"
jule.serio,10,1,1,['.'],0,2,0,1,0,0,3,"Index(['Number of Words', 'Unique Special Characters', 'Special Characters',
       'Username', 'Numbers', 'Length', 'Number of Special Characters', '-',
       '.'],
      dtype='object')"
david.shaw,10,1,1,['.'],0,2,0,1,0,0,3,"Index(['Number of Words', 'Unique Special Characters', 'Special Characters',
       'Username', 'Numbers', 'Length', 'Number of Special Characters', '-',
       '.'],
      dtype='object')"
andrew.bowden,13,1,1,['.'],0,2,0,1,0,0,3,"Index(['Number of Words', 'Unique Special Characters', 'Special Characters',
       'Username', 'Numbers', 'Length', 'Number of Special Characters', '-',
       '.'],
      dtype='object')"
marion.murel,12,1,1,['.'],0,2,0,1,0,0,3,"Index(['Number of Words', 'Unique Special Characters', 'Special Characters',
       'Username', 'Numbers', 'Length', 'Number of Special Characters', '-',
       '.'],
      dtype='object')"
mohammed.sadiq,14,1,1,['.'],0,2,0,1,0,0,3,"Index(['Number of Words', 'Unique Special Characters', 'Special Characters',
       'Username', 'Numbers', 'Length', 'Number of Special Characters', '-',
       '.'],
      dtype='object')"
faheem,6,0,0,[],0,1,0,0,0,0,1,"Index(['Number of Words', 'Unique Special Characters', 'Special Characters',
       'Username', 'Numbers', 'Length', 'Number of Special Characters', '-',
       '.'],
      dtype='object')"
fire.watchtower,15,1,1,['.'],0,2,0,1,0,0,3,"Index(['Number of Words', 'Unique Special Characters', 'Special Characters',
       'Username', 'Numbers', 'Length', 'Number of Special Characters', '-',
       '.'],
      dtype='object')"
khalid.alkhayat.hia,19,1,2,['.'],0,3,0,1,0,0,4,"Index(['Number of Words', 'Unique Special Characters', 'Special Characters',
       'Username', 'Numbers', 'Length', 'Number of Special Characters', '-',
       '.'],
      dtype='object')"
keith.crawford,14,1,1,['.'],0,2,0,1,0,0,3,"Index(['Number of Words', 'Unique Special Characters', 'Special Characters',
       'Username', 'Numbers', 'Length', 'Number of Special Characters', '-',
       '.'],
      dtype='object')"
john.vanhoogstraten,19,1,1,['.'],0,2,0,1,0,0,3,"Index(['Number of Words', 'Unique Special Characters', 'Special Characters',
       'Username', 'Numbers', 'Length', 'Number of Special Characters', '-',
       '.'],
      dtype='object')"
ganesh.kadam,12,1,1,['.'],0,2,0,1,0,0,3,"Index(['Number of Words', 'Unique Special Characters', 'Special Characters',
       'Username', 'Numbers', 'Length', 'Number of Special Characters', '-',
       '.'],
      dtype='object')"
ketankumar.darji,16,1,1,['.'],0,2,0,1,0,0,3,"Index(['Number of Words', 'Unique Special Characters', 'Special Characters',
       'Username', 'Numbers', 'Length', 'Number of Special Characters', '-',
       '.'],
      dtype='object')"
kalesh.kalathil,15,1,1,['.'],0,2,0,1,0,0,3,"Index(['Number of Words', 'Unique Special Characters', 'Special Characters',
       'Username', 'Numbers', 'Length', 'Number of Special Characters', '-',
       '.'],
      dtype='object')"
anoop.singh,11,1,1,['.'],0,2,0,1,0,0,3,"Index(['Number of Words', 'Unique Special Characters', 'Special Characters',
       'Username', 'Numbers', 'Length', 'Number of Special Characters', '-',
       '.'],
      dtype='object')"
vaman.tekavade,14,1,1,['.'],0,2,0,1,0,0,3,"Index(['Number of Words', 'Unique Special Characters', 'Special Characters',
       'Username', 'Numbers', 'Length', 'Number of Special Characters', '-',
       '.'],
      dtype='object')"
sushil.biswal,13,1,1,['.'],0,2,0,1,0,0,3,"Index(['Number of Words', 'Unique Special Characters', 'Special Characters',
       'Username', 'Numbers', 'Length', 'Number of Special Characters', '-',
       '.'],
      dtype='object')"
senarath.midi,13,1,1,['.'],0,2,0,1,0,0,3,"Index(['Number of Words', 'Unique Special Characters', 'Special Characters',
       'Username', 'Numbers', 'Length', 'Number of Special Characters', '-',
       '.'],
      dtype='object')"
jabir.barikkal,14,1,1,['.'],0,2,0,1,0,0,3,"Index(['Number of Words', 'Unique Special Characters', 'Special Characters',
       'Username', 'Numbers', 'Length', 'Number of Special Characters', '-',
       '.'],
      dtype='object')"
shibu.varghese,14,1,1,['.'],0,2,0,1,0,0,3,"Index(['Number of Words', 'Unique Special Characters', 'Special Characters',
       'Username', 'Numbers', 'Length', 'Number of Special Characters', '-',
       '.'],
      dtype='object')"
mohammed.shaikh,15,1,1,['.'],0,2,0,1,0,0,3,"Index(['Number of Words', 'Unique Special Characters', 'Special Characters',
       'Username', 'Numbers', 'Length', 'Number of Special Characters', '-',
       '.'],
      dtype='object')"
khamis.alhajri,14,1,1,['.'],0,2,0,1,0,0,3,"Index(['Number of Words', 'Unique Special Characters', 'Special Characters',
       'Username', 'Numbers', 'Length', 'Number of Special Characters', '-',
       '.'],
      dtype='object')"
balu.chavan,11,1,1,['.'],0,2,0,1,0,0,3,"Index(['Number of Words', 'Unique Special Characters', 'Special Characters',
       'Username', 'Numbers', 'Length', 'Number of Special Characters', '-',
       '.'],
      dtype='object')"
bhim.singh,10,1,1,['.'],0,2,0,1,0,0,3,"Index(['Number of Words', 'Unique Special Characters', 'Special Characters',
       'Username', 'Numbers', 'Length', 'Number of Special Characters', '-',
       '.'],
      dtype='object')"
vikram.singh,12,1,1,['.'],0,2,0,1,0,0,3,"Index(['Number of Words', 'Unique Special Characters', 'Special Characters',
       'Username', 'Numbers', 'Length', 'Number of Special Characters', '-',
       '.'],
      dtype='object')"
saravana.markandan,18,1,1,['.'],0,2,0,1,0,0,3,"Index(['Number of Words', 'Unique Special Characters', 'Special Characters',
       'Username', 'Numbers', 'Length', 'Number of Special Characters', '-',
       '.'],
      dtype='object')"
roby.baby,9,1,1,['.'],0,2,0,1,0,0,3,"Index(['Number of Words', 'Unique Special Characters', 'Special Characters',
       'Username', 'Numbers', 'Length', 'Number of Special Characters', '-',
       '.'],
      dtype='object')"
karuppasamy.gurusamy,20,1,1,['.'],0,2,0,1,0,0,3,"Index(['Number of Words', 'Unique Special Characters', 'Special Characters',
       'Username', 'Numbers', 'Length', 'Number of Special Characters', '-',
       '.'],
      dtype='object')"
hari.upadhyay,13,1,1,['.'],0,2,0,1,0,0,3,"Index(['Number of Words', 'Unique Special Characters', 'Special Characters',
       'Username', 'Numbers', 'Length', 'Number of Special Characters', '-',
       '.'],
      dtype='object')"
brijesh.rai,11,1,1,['.'],0,2,0,1,0,0,3,"Index(['Number of Words', 'Unique Special Characters', 'Special Characters',
       'Username', 'Numbers', 'Length', 'Number of Special Characters', '-',
       '.'],
      dtype='object')"
nsm2,4,0,0,[],1,1,0,0,0,0,1,"Index(['Number of Words', 'Unique Special Characters', 'Special Characters',
       'Username', 'Numbers', 'Length', 'Number of Special Characters', '-',
       '.'],
      dtype='object')"
brian.wilson,12,1,1,['.'],0,2,0,1,0,0,3,"Index(['Number of Words', 'Unique Special Characters', 'Special Characters',
       'Username', 'Numbers', 'Length', 'Number of Special Characters', '-',
       '.'],
      dtype='object')"
admin,5,0,0,[],0,1,0,0,0,0,1,"Index(['Number of Words', 'Unique Special Characters', 'Special Characters',
       'Username', 'Numbers', 'Length', 'Number of Special Characters', '-',
       '.'],
      dtype='object')"
mohammed.riyas,14,1,1,['.'],0,2,0,1,0,0,3,"Index(['Number of Words', 'Unique Special Characters', 'Special Characters',
       'Username', 'Numbers', 'Length', 'Number of Special Characters', '-',
       '.'],
      dtype='object')"
gonca.demiroz,13,1,1,['.'],0,2,0,1,0,0,3,"Index(['Number of Words', 'Unique Special Characters', 'Special Characters',
       'Username', 'Numbers', 'Length', 'Number of Special Characters', '-',
       '.'],
      dtype='object')"
nigel.bruce,11,1,1,['.'],0,2,0,1,0,0,3,"Index(['Number of Words', 'Unique Special Characters', 'Special Characters',
       'Username', 'Numbers', 'Length', 'Number of Special Characters', '-',
       '.'],
      dtype='object')"
luke.blake,10,1,1,['.'],0,2,0,1,0,0,3,"Index(['Number of Words', 'Unique Special Characters', 'Special Characters',
       'Username', 'Numbers', 'Length', 'Number of Special Characters', '-',
       '.'],
      dtype='object')"
katherine.nunez,15,1,1,['.'],0,2,0,1,0,0,3,"Index(['Number of Words', 'Unique Special Characters', 'Special Characters',
       'Username', 'Numbers', 'Length', 'Number of Special Characters', '-',
       '.'],
      dtype='object')"
phillip.park,12,1,1,['.'],0,2,0,1,0,0,3,"Index(['Number of Words', 'Unique Special Characters', 'Special Characters',
       'Username', 'Numbers', 'Length', 'Number of Special Characters', '-',
       '.'],
      dtype='object')"
luzanne.longland,16,1,1,['.'],0,2,0,1,0,0,3,"Index(['Number of Words', 'Unique Special Characters', 'Special Characters',
       'Username', 'Numbers', 'Length', 'Number of Special Characters', '-',
       '.'],
      dtype='object')"
abdulla.alasam,14,1,1,['.'],0,2,0,1,0,0,3,"Index(['Number of Words', 'Unique Special Characters', 'Special Characters',
       'Username', 'Numbers', 'Length', 'Number of Special Characters', '-',
       '.'],
      dtype='object')"
rudilyn.reyes,13,1,1,['.'],0,2,0,1,0,0,3,"Index(['Number of Words', 'Unique Special Characters', 'Special Characters',
       'Username', 'Numbers', 'Length', 'Number of Special Characters', '-',
       '.'],
      dtype='object')"
paul.higginbottom,17,1,1,['.'],0,2,0,1,0,0,3,"Index(['Number of Words', 'Unique Special Characters', 'Special Characters',
       'Username', 'Numbers', 'Length', 'Number of Special Characters', '-',
       '.'],
      dtype='object')"
wadii.salama,12,1,1,['.'],0,2,0,1,0,0,3,"Index(['Number of Words', 'Unique Special Characters', 'Special Characters',
       'Username', 'Numbers', 'Length', 'Number of Special Characters', '-',
       '.'],
      dtype='object')"
sharadkumar.tiwari,18,1,1,['.'],0,2,0,1,0,0,3,"Index(['Number of Words', 'Unique Special Characters', 'Special Characters',
       'Username', 'Numbers', 'Length', 'Number of Special Characters', '-',
       '.'],
      dtype='object')"
baiju.asokan,12,1,1,['.'],0,2,0,1,0,0,3,"Index(['Number of Words', 'Unique Special Characters', 'Special Characters',
       'Username', 'Numbers', 'Length', 'Number of Special Characters', '-',
       '.'],
      dtype='object')"
sanjay.dumka,12,1,1,['.'],0,2,0,1,0,0,3,"Index(['Number of Words', 'Unique Special Characters', 'Special Characters',
       'Username', 'Numbers', 'Length', 'Number of Special Characters', '-',
       '.'],
      dtype='object')"
mohamed.mohamed,15,1,1,['.'],0,2,0,1,0,0,3,"Index(['Number of Words', 'Unique Special Characters', 'Special Characters',
       'Username', 'Numbers', 'Length', 'Number of Special Characters', '-',
       '.'],
      dtype='object')"
menuwan.arachchi,16,1,1,['.'],0,2,0,1,0,0,3,"Index(['Number of Words', 'Unique Special Characters', 'Special Characters',
       'Username', 'Numbers', 'Length', 'Number of Special Characters', '-',
       '.'],
      dtype='object')"
doha.atfm,9,1,1,['.'],0,2,0,1,0,0,3,"Index(['Number of Words', 'Unique Special Characters', 'Special Characters',
       'Username', 'Numbers', 'Length', 'Number of Special Characters', '-',
       '.'],
      dtype='object')"
ahmed.alobidali,15,1,1,['.'],0,2,0,1,0,0,3,"Index(['Number of Words', 'Unique Special Characters', 'Special Characters',
       'Username', 'Numbers', 'Length', 'Number of Special Characters', '-',
       '.'],
      dtype='object')"
muhammad.shafeeq,16,1,1,['.'],0,2,0,1,0,0,3,"Index(['Number of Words', 'Unique Special Characters', 'Special Characters',
       'Username', 'Numbers', 'Length', 'Number of Special Characters', '-',
       '.'],
      dtype='object')"
gurupreet.matharu,17,1,1,['.'],0,2,0,1,0,0,3,"Index(['Number of Words', 'Unique Special Characters', 'Special Characters',
       'Username', 'Numbers', 'Length', 'Number of Special Characters', '-',
       '.'],
      dtype='object')"
binyamine.ahmed,15,1,1,['.'],0,2,0,1,0,0,3,"Index(['Number of Words', 'Unique Special Characters', 'Special Characters',
       'Username', 'Numbers', 'Length', 'Number of Special Characters', '-',
       '.'],
      dtype='object')"
abdul.almoghrabi,16,1,1,['.'],0,2,0,1,0,0,3,"Index(['Number of Words', 'Unique Special Characters', 'Special Characters',
       'Username', 'Numbers', 'Length', 'Number of Special Characters', '-',
       '.'],
      dtype='object')"
sajjadul.rohit,14,1,1,['.'],0,2,0,1,0,0,3,"Index(['Number of Words', 'Unique Special Characters', 'Special Characters',
       'Username', 'Numbers', 'Length', 'Number of Special Characters', '-',
       '.'],
      dtype='object')"
abdulrahman.rabeeq,18,1,1,['.'],0,2,0,1,0,0,3,"Index(['Number of Words', 'Unique Special Characters', 'Special Characters',
       'Username', 'Numbers', 'Length', 'Number of Special Characters', '-',
       '.'],
      dtype='object')"
malik.akbar,11,1,1,['.'],0,2,0,1,0,0,3,"Index(['Number of Words', 'Unique Special Characters', 'Special Characters',
       'Username', 'Numbers', 'Length', 'Number of Special Characters', '-',
       '.'],
      dtype='object')"
hassan.alkuwari,15,1,1,['.'],0,2,0,1,0,0,3,"Index(['Number of Words', 'Unique Special Characters', 'Special Characters',
       'Username', 'Numbers', 'Length', 'Number of Special Characters', '-',
       '.'],
      dtype='object')"
fire.watchroom.hia,18,1,2,['.'],0,3,0,1,0,0,4,"Index(['Number of Words', 'Unique Special Characters', 'Special Characters',
       'Username', 'Numbers', 'Length', 'Number of Special Characters', '-',
       '.'],
      dtype='object')"
fire.watchroom,14,1,1,['.'],0,2,0,1,0,0,3,"Index(['Number of Words', 'Unique Special Characters', 'Special Characters',
       'Username', 'Numbers', 'Length', 'Number of Special Characters', '-',
       '.'],
      dtype='object')"
abdul.kottilingal,17,1,1,['.'],0,2,0,1,0,0,3,"Index(['Number of Words', 'Unique Special Characters', 'Special Characters',
       'Username', 'Numbers', 'Length', 'Number of Special Characters', '-',
       '.'],
      dtype='object')"
sailesh.roy,11,1,1,['.'],0,2,0,1,0,0,3,"Index(['Number of Words', 'Unique Special Characters', 'Special Characters',
       'Username', 'Numbers', 'Length', 'Number of Special Characters', '-',
       '.'],
      dtype='object')"
gazi.mohammed,13,1,1,['.'],0,2,0,1,0,0,3,"Index(['Number of Words', 'Unique Special Characters', 'Special Characters',
       'Username', 'Numbers', 'Length', 'Number of Special Characters', '-',
       '.'],
      dtype='object')"
mohammed.al-emadi,17,1,2,"['-', '.']",0,3,1,1,0,0,2,"Index(['Number of Words', 'Unique Special Characters', 'Special Characters',
       'Username', 'Numbers', 'Length', 'Number of Special Characters', '-',
       '.'],
      dtype='object')"
otno.db,7,1,1,['.'],0,2,0,1,0,0,3,"Index(['Number of Words', 'Unique Special Characters', 'Special Characters',
       'Username', 'Numbers', 'Length', 'Number of Special Characters', '-',
       '.'],
      dtype='object')"
pamela.erice,12,1,1,['.'],0,2,0,1,0,0,3,"Index(['Number of Words', 'Unique Special Characters', 'Special Characters',
       'Username', 'Numbers', 'Length', 'Number of Special Characters', '-',
       '.'],
      dtype='object')"
abdelwahhb.elamin,17,1,1,['.'],0,2,0,1,0,0,3,"Index(['Number of Words', 'Unique Special Characters', 'Special Characters',
       'Username', 'Numbers', 'Length', 'Number of Special Characters', '-',
       '.'],
      dtype='object')"
carl.grzegorzek,15,1,1,['.'],0,2,0,1,0,0,3,"Index(['Number of Words', 'Unique Special Characters', 'Special Characters',
       'Username', 'Numbers', 'Length', 'Number of Special Characters', '-',
       '.'],
      dtype='object')"
anit.hatc1038,13,1,1,['.'],1,2,0,1,0,0,2,"Index(['Number of Words', 'Unique Special Characters', 'Special Characters',
       'Username', 'Numbers', 'Length', 'Number of Special Characters', '-',
       '.'],
      dtype='object')"
qafam-atcc02,12,1,1,['-'],1,2,1,0,0,0,1,"Index(['Number of Words', 'Unique Special Characters', 'Special Characters',
       'Username', 'Numbers', 'Length', 'Number of Special Characters', '-',
       '.'],
      dtype='object')"
atcc.frc,8,1,1,['.'],0,2,0,1,0,0,3,"Index(['Number of Words', 'Unique Special Characters', 'Special Characters',
       'Username', 'Numbers', 'Length', 'Number of Special Characters', '-',
       '.'],
      dtype='object')"
umair.ahmed,11,1,1,['.'],0,2,0,1,0,0,3,"Index(['Number of Words', 'Unique Special Characters', 'Special Characters',
       'Username', 'Numbers', 'Length', 'Number of Special Characters', '-',
       '.'],
      dtype='object')"
hussain.habeib,14,1,1,['.'],0,2,0,1,0,0,3,"Index(['Number of Words', 'Unique Special Characters', 'Special Characters',
       'Username', 'Numbers', 'Length', 'Number of Special Characters', '-',
       '.'],
      dtype='object')"
belal,5,0,0,[],0,1,0,0,0,0,1,"Index(['Number of Words', 'Unique Special Characters', 'Special Characters',
       'Username', 'Numbers', 'Length', 'Number of Special Characters', '-',
       '.'],
      dtype='object')"
nayif.aljaber,13,1,1,['.'],0,2,0,1,0,0,3,"Index(['Number of Words', 'Unique Special Characters', 'Special Characters',
       'Username', 'Numbers', 'Length', 'Number of Special Characters', '-',
       '.'],
      dtype='object')"
layla.mohammed,14,1,1,['.'],0,2,0,1,0,0,3,"Index(['Number of Words', 'Unique Special Characters', 'Special Characters',
       'Username', 'Numbers', 'Length', 'Number of Special Characters', '-',
       '.'],
      dtype='object')"
user,4,0,0,[],0,1,0,0,0,0,1,"Index(['Number of Words', 'Unique Special Characters', 'Special Characters',
       'Username', 'Numbers', 'Length', 'Number of Special Characters', '-',
       '.'],
      dtype='object')"
elharith.zahran,15,1,1,['.'],0,2,0,1,0,0,3,"Index(['Number of Words', 'Unique Special Characters', 'Special Characters',
       'Username', 'Numbers', 'Length', 'Number of Special Characters', '-',
       '.'],
      dtype='object')"
mohammed.alazba,15,1,1,['.'],0,2,0,1,0,0,3,"Index(['Number of Words', 'Unique Special Characters', 'Special Characters',
       'Username', 'Numbers', 'Length', 'Number of Special Characters', '-',
       '.'],
      dtype='object')"
ashok.pandey,12,1,1,['.'],0,2,0,1,0,0,3,"Index(['Number of Words', 'Unique Special Characters', 'Special Characters',
       'Username', 'Numbers', 'Length', 'Number of Special Characters', '-',
       '.'],
      dtype='object')"
yousef.harami,13,1,1,['.'],0,2,0,1,0,0,3,"Index(['Number of Words', 'Unique Special Characters', 'Special Characters',
       'Username', 'Numbers', 'Length', 'Number of Special Characters', '-',
       '.'],
      dtype='object')"
rashid.alnahdi,14,1,1,['.'],0,2,0,1,0,0,3,"Index(['Number of Words', 'Unique Special Characters', 'Special Characters',
       'Username', 'Numbers', 'Length', 'Number of Special Characters', '-',
       '.'],
      dtype='object')"
dushan.rajasekara,17,1,1,['.'],0,2,0,1,0,0,3,"Index(['Number of Words', 'Unique Special Characters', 'Special Characters',
       'Username', 'Numbers', 'Length', 'Number of Special Characters', '-',
       '.'],
      dtype='object')"
cgis1,5,0,0,[],1,1,0,0,0,0,1,"Index(['Number of Words', 'Unique Special Characters', 'Special Characters',
       'Username', 'Numbers', 'Length', 'Number of Special Characters', '-',
       '.'],
      dtype='object')"
roel.santiago,13,1,1,['.'],0,2,0,1,0,0,3,"Index(['Number of Words', 'Unique Special Characters', 'Special Characters',
       'Username', 'Numbers', 'Length', 'Number of Special Characters', '-',
       '.'],
      dtype='object')"
paul.lyth,9,1,1,['.'],0,2,0,1,0,0,3,"Index(['Number of Words', 'Unique Special Characters', 'Special Characters',
       'Username', 'Numbers', 'Length', 'Number of Special Characters', '-',
       '.'],
      dtype='object')"
app.supervisor_old,18,1,2,"['.', '_']",0,2,0,1,0,1,4,"Index(['Number of Words', 'Unique Special Characters', 'Special Characters',
       'Username', 'Numbers', 'Length', 'Number of Special Characters', '-',
       '.'],
      dtype='object')"
gdms2,5,0,0,[],1,1,0,0,0,0,1,"Index(['Number of Words', 'Unique Special Characters', 'Special Characters',
       'Username', 'Numbers', 'Length', 'Number of Special Characters', '-',
       '.'],
      dtype='object')"
gdms1,5,0,0,[],1,1,0,0,0,0,1,"Index(['Number of Words', 'Unique Special Characters', 'Special Characters',
       'Username', 'Numbers', 'Length', 'Number of Special Characters', '-',
       '.'],
      dtype='object')"
mansoor.alabdulla,17,1,1,['.'],0,2,0,1,0,0,3,"Index(['Number of Words', 'Unique Special Characters', 'Special Characters',
       'Username', 'Numbers', 'Length', 'Number of Special Characters', '-',
       '.'],
      dtype='object')"
hamad.aldosari,14,1,1,['.'],0,2,0,1,0,0,3,"Index(['Number of Words', 'Unique Special Characters', 'Special Characters',
       'Username', 'Numbers', 'Length', 'Number of Special Characters', '-',
       '.'],
      dtype='object')"
essa.alabdulmalek,17,1,1,['.'],0,2,0,1,0,0,3,"Index(['Number of Words', 'Unique Special Characters', 'Special Characters',
       'Username', 'Numbers', 'Length', 'Number of Special Characters', '-',
       '.'],
      dtype='object')"
abdulaziz.alyafei,17,1,1,['.'],0,2,0,1,0,0,3,"Index(['Number of Words', 'Unique Special Characters', 'Special Characters',
       'Username', 'Numbers', 'Length', 'Number of Special Characters', '-',
       '.'],
      dtype='object')"
abdulaziz.alhellabi,19,1,1,['.'],0,2,0,1,0,0,3,"Index(['Number of Words', 'Unique Special Characters', 'Special Characters',
       'Username', 'Numbers', 'Length', 'Number of Special Characters', '-',
       '.'],
      dtype='object')"
paul.lyth.hia,13,1,2,['.'],0,3,0,1,0,0,4,"Index(['Number of Words', 'Unique Special Characters', 'Special Characters',
       'Username', 'Numbers', 'Length', 'Number of Special Characters', '-',
       '.'],
      dtype='object')"
anit.hatc1041,13,1,1,['.'],1,2,0,1,0,0,2,"Index(['Number of Words', 'Unique Special Characters', 'Special Characters',
       'Username', 'Numbers', 'Length', 'Number of Special Characters', '-',
       '.'],
      dtype='object')"
gavin.morris,12,1,1,['.'],0,2,0,1,0,0,3,"Index(['Number of Words', 'Unique Special Characters', 'Special Characters',
       'Username', 'Numbers', 'Length', 'Number of Special Characters', '-',
       '.'],
      dtype='object')"
administrator,13,0,0,[],0,1,0,0,0,0,1,"Index(['Number of Words', 'Unique Special Characters', 'Special Characters',
       'Username', 'Numbers', 'Length', 'Number of Special Characters', '-',
       '.'],
      dtype='object')"
ibrahim.shaikh,14,1,1,['.'],0,2,0,1,0,0,3,"Index(['Number of Words', 'Unique Special Characters', 'Special Characters',
       'Username', 'Numbers', 'Length', 'Number of Special Characters', '-',
       '.'],
      dtype='object')"
ramulu.manche111,16,1,1,['.'],1,2,0,1,0,0,2,"Index(['Number of Words', 'Unique Special Characters', 'Special Characters',
       'Username', 'Numbers', 'Length', 'Number of Special Characters', '-',
       '.'],
      dtype='object')"
mpr,3,0,0,[],0,1,0,0,0,0,1,"Index(['Number of Words', 'Unique Special Characters', 'Special Characters',
       'Username', 'Numbers', 'Length', 'Number of Special Characters', '-',
       '.'],
      dtype='object')"
mpcr,4,0,0,[],0,1,0,0,0,0,1,"Index(['Number of Words', 'Unique Special Characters', 'Special Characters',
       'Username', 'Numbers', 'Length', 'Number of Special Characters', '-',
       '.'],
      dtype='object')"
tilak.priyankara,16,1,1,['.'],0,2,0,1,0,0,3,"Index(['Number of Words', 'Unique Special Characters', 'Special Characters',
       'Username', 'Numbers', 'Length', 'Number of Special Characters', '-',
       '.'],
      dtype='object')"
fpd2,4,0,0,[],1,1,0,0,0,0,1,"Index(['Number of Words', 'Unique Special Characters', 'Special Characters',
       'Username', 'Numbers', 'Length', 'Number of Special Characters', '-',
       '.'],
      dtype='object')"
qafam.frc1,10,1,1,['.'],1,2,0,1,0,0,2,"Index(['Number of Words', 'Unique Special Characters', 'Special Characters',
       'Username', 'Numbers', 'Length', 'Number of Special Characters', '-',
       '.'],
      dtype='object')"
ashraf.wahab,12,1,1,['.'],0,2,0,1,0,0,3,"Index(['Number of Words', 'Unique Special Characters', 'Special Characters',
       'Username', 'Numbers', 'Length', 'Number of Special Characters', '-',
       '.'],
      dtype='object')"
brijesh.kumar.hia,17,1,2,['.'],0,3,0,1,0,0,4,"Index(['Number of Words', 'Unique Special Characters', 'Special Characters',
       'Username', 'Numbers', 'Length', 'Number of Special Characters', '-',
       '.'],
      dtype='object')"
radar,5,0,0,[],0,1,0,0,0,0,1,"Index(['Number of Words', 'Unique Special Characters', 'Special Characters',
       'Username', 'Numbers', 'Length', 'Number of Special Characters', '-',
       '.'],
      dtype='object')"
mohammed.lari,13,1,1,['.'],0,2,0,1,0,0,3,"Index(['Number of Words', 'Unique Special Characters', 'Special Characters',
       'Username', 'Numbers', 'Length', 'Number of Special Characters', '-',
       '.'],
      dtype='object')"
john.hyland,11,1,1,['.'],0,2,0,1,0,0,3,"Index(['Number of Words', 'Unique Special Characters', 'Special Characters',
       'Username', 'Numbers', 'Length', 'Number of Special Characters', '-',
       '.'],
      dtype='object')"
hadeel.atari,12,1,1,['.'],0,2,0,1,0,0,3,"Index(['Number of Words', 'Unique Special Characters', 'Special Characters',
       'Username', 'Numbers', 'Length', 'Number of Special Characters', '-',
       '.'],
      dtype='object')"
erwin.obergruber,16,1,1,['.'],0,2,0,1,0,0,3,"Index(['Number of Words', 'Unique Special Characters', 'Special Characters',
       'Username', 'Numbers', 'Length', 'Number of Special Characters', '-',
       '.'],
      dtype='object')"
mansoor.alam,12,1,1,['.'],0,2,0,1,0,0,3,"Index(['Number of Words', 'Unique Special Characters', 'Special Characters',
       'Username', 'Numbers', 'Length', 'Number of Special Characters', '-',
       '.'],
      dtype='object')"
shikha.altemais,15,1,1,['.'],0,2,0,1,0,0,3,"Index(['Number of Words', 'Unique Special Characters', 'Special Characters',
       'Username', 'Numbers', 'Length', 'Number of Special Characters', '-',
       '.'],
      dtype='object')"
hassan.alsaqqaf,15,1,1,['.'],0,2,0,1,0,0,3,"Index(['Number of Words', 'Unique Special Characters', 'Special Characters',
       'Username', 'Numbers', 'Length', 'Number of Special Characters', '-',
       '.'],
      dtype='object')"
ibrahim.kozanli,15,1,1,['.'],0,2,0,1,0,0,3,"Index(['Number of Words', 'Unique Special Characters', 'Special Characters',
       'Username', 'Numbers', 'Length', 'Number of Special Characters', '-',
       '.'],
      dtype='object')"
shahnawaz.khan,14,1,1,['.'],0,2,0,1,0,0,3,"Index(['Number of Words', 'Unique Special Characters', 'Special Characters',
       'Username', 'Numbers', 'Length', 'Number of Special Characters', '-',
       '.'],
      dtype='object')"
mansoor.hussain,15,1,1,['.'],0,2,0,1,0,0,3,"Index(['Number of Words', 'Unique Special Characters', 'Special Characters',
       'Username', 'Numbers', 'Length', 'Number of Special Characters', '-',
       '.'],
      dtype='object')"
mariem.ezzine,13,1,1,['.'],0,2,0,1,0,0,3,"Index(['Number of Words', 'Unique Special Characters', 'Special Characters',
       'Username', 'Numbers', 'Length', 'Number of Special Characters', '-',
       '.'],
      dtype='object')"
mohammad.sheikh,15,1,1,['.'],0,2,0,1,0,0,3,"Index(['Number of Words', 'Unique Special Characters', 'Special Characters',
       'Username', 'Numbers', 'Length', 'Number of Special Characters', '-',
       '.'],
      dtype='object')"
sara.almulla,12,1,1,['.'],0,2,0,1,0,0,3,"Index(['Number of Words', 'Unique Special Characters', 'Special Characters',
       'Username', 'Numbers', 'Length', 'Number of Special Characters', '-',
       '.'],
      dtype='object')"
mohammed.almuhamadi,19,1,1,['.'],0,2,0,1,0,0,3,"Index(['Number of Words', 'Unique Special Characters', 'Special Characters',
       'Username', 'Numbers', 'Length', 'Number of Special Characters', '-',
       '.'],
      dtype='object')"
jose.vayalil.hia,16,1,2,['.'],0,3,0,1,0,0,4,"Index(['Number of Words', 'Unique Special Characters', 'Special Characters',
       'Username', 'Numbers', 'Length', 'Number of Special Characters', '-',
       '.'],
      dtype='object')"
yoosaf,6,0,0,[],0,1,0,0,0,0,1,"Index(['Number of Words', 'Unique Special Characters', 'Special Characters',
       'Username', 'Numbers', 'Length', 'Number of Special Characters', '-',
       '.'],
      dtype='object')"
asiri.christo,13,1,1,['.'],0,2,0,1,0,0,3,"Index(['Number of Words', 'Unique Special Characters', 'Special Characters',
       'Username', 'Numbers', 'Length', 'Number of Special Characters', '-',
       '.'],
      dtype='object')"
qafam.frc2,10,1,1,['.'],1,2,0,1,0,0,2,"Index(['Number of Words', 'Unique Special Characters', 'Special Characters',
       'Username', 'Numbers', 'Length', 'Number of Special Characters', '-',
       '.'],
      dtype='object')"
jason.osgood,12,1,1,['.'],0,2,0,1,0,0,3,"Index(['Number of Words', 'Unique Special Characters', 'Special Characters',
       'Username', 'Numbers', 'Length', 'Number of Special Characters', '-',
       '.'],
      dtype='object')"
ali,3,0,0,[],0,1,0,0,0,0,1,"Index(['Number of Words', 'Unique Special Characters', 'Special Characters',
       'Username', 'Numbers', 'Length', 'Number of Special Characters', '-',
       '.'],
      dtype='object')"
jesus.llamas,12,1,1,['.'],0,2,0,1,0,0,3,"Index(['Number of Words', 'Unique Special Characters', 'Special Characters',
       'Username', 'Numbers', 'Length', 'Number of Special Characters', '-',
       '.'],
      dtype='object')"
dharmendran.g,13,1,1,['.'],0,2,0,1,0,0,3,"Index(['Number of Words', 'Unique Special Characters', 'Special Characters',
       'Username', 'Numbers', 'Length', 'Number of Special Characters', '-',
       '.'],
      dtype='object')"
mohammed.alkhayat,17,1,1,['.'],0,2,0,1,0,0,3,"Index(['Number of Words', 'Unique Special Characters', 'Special Characters',
       'Username', 'Numbers', 'Length', 'Number of Special Characters', '-',
       '.'],
      dtype='object')"
fatima.almarri,14,1,1,['.'],0,2,0,1,0,0,3,"Index(['Number of Words', 'Unique Special Characters', 'Special Characters',
       'Username', 'Numbers', 'Length', 'Number of Special Characters', '-',
       '.'],
      dtype='object')"
etab.alothman,13,1,1,['.'],0,2,0,1,0,0,3,"Index(['Number of Words', 'Unique Special Characters', 'Special Characters',
       'Username', 'Numbers', 'Length', 'Number of Special Characters', '-',
       '.'],
      dtype='object')"
michael.bersaluna,17,1,1,['.'],0,2,0,1,0,0,3,"Index(['Number of Words', 'Unique Special Characters', 'Special Characters',
       'Username', 'Numbers', 'Length', 'Number of Special Characters', '-',
       '.'],
      dtype='object')"
veronica.iroy,13,1,1,['.'],0,2,0,1,0,0,3,"Index(['Number of Words', 'Unique Special Characters', 'Special Characters',
       'Username', 'Numbers', 'Length', 'Number of Special Characters', '-',
       '.'],
      dtype='object')"
ervin.iroy,10,1,1,['.'],0,2,0,1,0,0,3,"Index(['Number of Words', 'Unique Special Characters', 'Special Characters',
       'Username', 'Numbers', 'Length', 'Number of Special Characters', '-',
       '.'],
      dtype='object')"
fault.log,9,1,1,['.'],0,2,0,1,0,0,3,"Index(['Number of Words', 'Unique Special Characters', 'Special Characters',
       'Username', 'Numbers', 'Length', 'Number of Special Characters', '-',
       '.'],
      dtype='object')"
khalifa.almaadeed,17,1,1,['.'],0,2,0,1,0,0,3,"Index(['Number of Words', 'Unique Special Characters', 'Special Characters',
       'Username', 'Numbers', 'Length', 'Number of Special Characters', '-',
       '.'],
      dtype='object')"
ramulu.manche,13,1,1,['.'],0,2,0,1,0,0,3,"Index(['Number of Words', 'Unique Special Characters', 'Special Characters',
       'Username', 'Numbers', 'Length', 'Number of Special Characters', '-',
       '.'],
      dtype='object')"
mohd.alnuaimi,13,1,1,['.'],0,2,0,1,0,0,3,"Index(['Number of Words', 'Unique Special Characters', 'Special Characters',
       'Username', 'Numbers', 'Length', 'Number of Special Characters', '-',
       '.'],
      dtype='object')"
mohammad.khan,13,1,1,['.'],0,2,0,1,0,0,3,"Index(['Number of Words', 'Unique Special Characters', 'Special Characters',
       'Username', 'Numbers', 'Length', 'Number of Special Characters', '-',
       '.'],
      dtype='object')"
shahbaj.ahmed,13,1,1,['.'],0,2,0,1,0,0,3,"Index(['Number of Words', 'Unique Special Characters', 'Special Characters',
       'Username', 'Numbers', 'Length', 'Number of Special Characters', '-',
       '.'],
      dtype='object')"
abubakar.khan.hia,17,1,2,['.'],0,3,0,1,0,0,4,"Index(['Number of Words', 'Unique Special Characters', 'Special Characters',
       'Username', 'Numbers', 'Length', 'Number of Special Characters', '-',
       '.'],
      dtype='object')"
lubna.alsalman,14,1,1,['.'],0,2,0,1,0,0,3,"Index(['Number of Words', 'Unique Special Characters', 'Special Characters',
       'Username', 'Numbers', 'Length', 'Number of Special Characters', '-',
       '.'],
      dtype='object')"
doha.comm,9,1,1,['.'],0,2,0,1,0,0,3,"Index(['Number of Words', 'Unique Special Characters', 'Special Characters',
       'Username', 'Numbers', 'Length', 'Number of Special Characters', '-',
       '.'],
      dtype='object')"
arafat.abdelrahman,18,1,1,['.'],0,2,0,1,0,0,3,"Index(['Number of Words', 'Unique Special Characters', 'Special Characters',
       'Username', 'Numbers', 'Length', 'Number of Special Characters', '-',
       '.'],
      dtype='object')"
samina.razaq,12,1,1,['.'],0,2,0,1,0,0,3,"Index(['Number of Words', 'Unique Special Characters', 'Special Characters',
       'Username', 'Numbers', 'Length', 'Number of Special Characters', '-',
       '.'],
      dtype='object')"
saleh.alnisf,12,1,1,['.'],0,2,0,1,0,0,3,"Index(['Number of Words', 'Unique Special Characters', 'Special Characters',
       'Username', 'Numbers', 'Length', 'Number of Special Characters', '-',
       '.'],
      dtype='object')"
saif~1.moh,10,1,2,"['.', '~']",1,3,0,1,1,0,2,"Index(['Number of Words', 'Unique Special Characters', 'Special Characters',
       'Username', 'Numbers', 'Length', 'Number of Special Characters', '-',
       '.'],
      dtype='object')"
robert.dobney,13,1,1,['.'],0,2,0,1,0,0,3,"Index(['Number of Words', 'Unique Special Characters', 'Special Characters',
       'Username', 'Numbers', 'Length', 'Number of Special Characters', '-',
       '.'],
      dtype='object')"
ramulu~2.man,12,1,2,"['.', '~']",1,3,0,1,1,0,2,"Index(['Number of Words', 'Unique Special Characters', 'Special Characters',
       'Username', 'Numbers', 'Length', 'Number of Special Characters', '-',
       '.'],
      dtype='object')"
harun.abbas,11,1,1,['.'],0,2,0,1,0,0,3,"Index(['Number of Words', 'Unique Special Characters', 'Special Characters',
       'Username', 'Numbers', 'Length', 'Number of Special Characters', '-',
       '.'],
      dtype='object')"
john~1.hyl,10,1,2,"['.', '~']",1,3,0,1,1,0,2,"Index(['Number of Words', 'Unique Special Characters', 'Special Characters',
       'Username', 'Numbers', 'Length', 'Number of Special Characters', '-',
       '.'],
      dtype='object')"
yaseen.majid.hatc1186,21,1,2,['.'],1,3,0,1,0,0,2,"Index(['Number of Words', 'Unique Special Characters', 'Special Characters',
       'Username', 'Numbers', 'Length', 'Number of Special Characters', '-',
       '.'],
      dtype='object')"
ibrahi~1.sha,12,1,2,"['.', '~']",1,3,0,1,1,0,2,"Index(['Number of Words', 'Unique Special Characters', 'Special Characters',
       'Username', 'Numbers', 'Length', 'Number of Special Characters', '-',
       '.'],
      dtype='object')"
belal~1.sai,11,1,2,"['.', '~']",1,3,0,1,1,0,2,"Index(['Number of Words', 'Unique Special Characters', 'Special Characters',
       'Username', 'Numbers', 'Length', 'Number of Special Characters', '-',
       '.'],
      dtype='object')"
hiran.gamage,12,1,1,['.'],0,2,0,1,0,0,3,"Index(['Number of Words', 'Unique Special Characters', 'Special Characters',
       'Username', 'Numbers', 'Length', 'Number of Special Characters', '-',
       '.'],
      dtype='object')"
dharme~1.g,10,1,2,"['.', '~']",1,3,0,1,1,0,2,"Index(['Number of Words', 'Unique Special Characters', 'Special Characters',
       'Username', 'Numbers', 'Length', 'Number of Special Characters', '-',
       '.'],
      dtype='object')"
vaman~1.tek,11,1,2,"['.', '~']",1,3,0,1,1,0,2,"Index(['Number of Words', 'Unique Special Characters', 'Special Characters',
       'Username', 'Numbers', 'Length', 'Number of Special Characters', '-',
       '.'],
      dtype='object')"
leonardo,8,0,0,[],0,1,0,0,0,0,1,"Index(['Number of Words', 'Unique Special Characters', 'Special Characters',
       'Username', 'Numbers', 'Length', 'Number of Special Characters', '-',
       '.'],
      dtype='object')"
saleh.alsheeb,13,1,1,['.'],0,2,0,1,0,0,3,"Index(['Number of Words', 'Unique Special Characters', 'Special Characters',
       'Username', 'Numbers', 'Length', 'Number of Special Characters', '-',
       '.'],
      dtype='object')"
mashal.abdulrahman,18,1,1,['.'],0,2,0,1,0,0,3,"Index(['Number of Words', 'Unique Special Characters', 'Special Characters',
       'Username', 'Numbers', 'Length', 'Number of Special Characters', '-',
       '.'],
      dtype='object')"
bijoy.koyiloth,14,1,1,['.'],0,2,0,1,0,0,3,"Index(['Number of Words', 'Unique Special Characters', 'Special Characters',
       'Username', 'Numbers', 'Length', 'Number of Special Characters', '-',
       '.'],
      dtype='object')"
abid.mulla,10,1,1,['.'],0,2,0,1,0,0,3,"Index(['Number of Words', 'Unique Special Characters', 'Special Characters',
       'Username', 'Numbers', 'Length', 'Number of Special Characters', '-',
       '.'],
      dtype='object')"
tyrone.apple,12,1,1,['.'],0,2,0,1,0,0,3,"Index(['Number of Words', 'Unique Special Characters', 'Special Characters',
       'Username', 'Numbers', 'Length', 'Number of Special Characters', '-',
       '.'],
      dtype='object')"
app.supervisor,14,1,1,['.'],0,2,0,1,0,0,3,"Index(['Number of Words', 'Unique Special Characters', 'Special Characters',
       'Username', 'Numbers', 'Length', 'Number of Special Characters', '-',
       '.'],
      dtype='object')"
johannes.kruger,15,1,1,['.'],0,2,0,1,0,0,3,"Index(['Number of Words', 'Unique Special Characters', 'Special Characters',
       'Username', 'Numbers', 'Length', 'Number of Special Characters', '-',
       '.'],
      dtype='object')"
maryam.alnaimi,14,1,1,['.'],0,2,0,1,0,0,3,"Index(['Number of Words', 'Unique Special Characters', 'Special Characters',
       'Username', 'Numbers', 'Length', 'Number of Special Characters', '-',
       '.'],
      dtype='object')"
abdul.malik,11,1,1,['.'],0,2,0,1,0,0,3,"Index(['Number of Words', 'Unique Special Characters', 'Special Characters',
       'Username', 'Numbers', 'Length', 'Number of Special Characters', '-',
       '.'],
      dtype='object')"
wadha.almalki,13,1,1,['.'],0,2,0,1,0,0,3,"Index(['Number of Words', 'Unique Special Characters', 'Special Characters',
       'Username', 'Numbers', 'Length', 'Number of Special Characters', '-',
       '.'],
      dtype='object')"
mohamed.aljaber,15,1,1,['.'],0,2,0,1,0,0,3,"Index(['Number of Words', 'Unique Special Characters', 'Special Characters',
       'Username', 'Numbers', 'Length', 'Number of Special Characters', '-',
       '.'],
      dtype='object')"
hanan.alhaddad,14,1,1,['.'],0,2,0,1,0,0,3,"Index(['Number of Words', 'Unique Special Characters', 'Special Characters',
       'Username', 'Numbers', 'Length', 'Number of Special Characters', '-',
       '.'],
      dtype='object')"
franz.sammueller,16,1,1,['.'],0,2,0,1,0,0,3,"Index(['Number of Words', 'Unique Special Characters', 'Special Characters',
       'Username', 'Numbers', 'Length', 'Number of Special Characters', '-',
       '.'],
      dtype='object')"
shahab.sheikh.hia,17,1,2,['.'],0,3,0,1,0,0,4,"Index(['Number of Words', 'Unique Special Characters', 'Special Characters',
       'Username', 'Numbers', 'Length', 'Number of Special Characters', '-',
       '.'],
      dtype='object')"
gabriele.marca,14,1,1,['.'],0,2,0,1,0,0,3,"Index(['Number of Words', 'Unique Special Characters', 'Special Characters',
       'Username', 'Numbers', 'Length', 'Number of Special Characters', '-',
       '.'],
      dtype='object')"
sara.alsarraf,13,1,1,['.'],0,2,0,1,0,0,3,"Index(['Number of Words', 'Unique Special Characters', 'Special Characters',
       'Username', 'Numbers', 'Length', 'Number of Special Characters', '-',
       '.'],
      dtype='object')"
default,7,0,0,[],0,1,0,0,0,0,1,"Index(['Number of Words', 'Unique Special Characters', 'Special Characters',
       'Username', 'Numbers', 'Length', 'Number of Special Characters', '-',
       '.'],
      dtype='object')"
ashley.brantley,15,1,1,['.'],0,2,0,1,0,0,3,"Index(['Number of Words', 'Unique Special Characters', 'Special Characters',
       'Username', 'Numbers', 'Length', 'Number of Special Characters', '-',
       '.'],
      dtype='object')"
mohammed.dorgham,16,1,1,['.'],0,2,0,1,0,0,3,"Index(['Number of Words', 'Unique Special Characters', 'Special Characters',
       'Username', 'Numbers', 'Length', 'Number of Special Characters', '-',
       '.'],
      dtype='object')"
fahad.almalki,13,1,1,['.'],0,2,0,1,0,0,3,"Index(['Number of Words', 'Unique Special Characters', 'Special Characters',
       'Username', 'Numbers', 'Length', 'Number of Special Characters', '-',
       '.'],
      dtype='object')"
ifrah.hersi,11,1,1,['.'],0,2,0,1,0,0,3,"Index(['Number of Words', 'Unique Special Characters', 'Special Characters',
       'Username', 'Numbers', 'Length', 'Number of Special Characters', '-',
       '.'],
      dtype='object')"
emad.obadi,10,1,1,['.'],0,2,0,1,0,0,3,"Index(['Number of Words', 'Unique Special Characters', 'Special Characters',
       'Username', 'Numbers', 'Length', 'Number of Special Characters', '-',
       '.'],
      dtype='object')"
shahul.hameed,13,1,1,['.'],0,2,0,1,0,0,3,"Index(['Number of Words', 'Unique Special Characters', 'Special Characters',
       'Username', 'Numbers', 'Length', 'Number of Special Characters', '-',
       '.'],
      dtype='object')"
hussai~1.hab,12,1,2,"['.', '~']",1,3,0,1,1,0,2,"Index(['Number of Words', 'Unique Special Characters', 'Special Characters',
       'Username', 'Numbers', 'Length', 'Number of Special Characters', '-',
       '.'],
      dtype='object')"
joseva~1.hia,12,1,2,"['.', '~']",1,3,0,1,1,0,2,"Index(['Number of Words', 'Unique Special Characters', 'Special Characters',
       'Username', 'Numbers', 'Length', 'Number of Special Characters', '-',
       '.'],
      dtype='object')"
brijes~1.hia,12,1,2,"['.', '~']",1,3,0,1,1,0,2,"Index(['Number of Words', 'Unique Special Characters', 'Special Characters',
       'Username', 'Numbers', 'Length', 'Number of Special Characters', '-',
       '.'],
      dtype='object')"
hamad.aldosari.hia,18,1,2,['.'],0,3,0,1,0,0,4,"Index(['Number of Words', 'Unique Special Characters', 'Special Characters',
       'Username', 'Numbers', 'Length', 'Number of Special Characters', '-',
       '.'],
      dtype='object')"
temp.hia,8,1,1,['.'],0,2,0,1,0,0,3,"Index(['Number of Words', 'Unique Special Characters', 'Special Characters',
       'Username', 'Numbers', 'Length', 'Number of Special Characters', '-',
       '.'],
      dtype='object')"
robin.nkosi,11,1,1,['.'],0,2,0,1,0,0,3,"Index(['Number of Words', 'Unique Special Characters', 'Special Characters',
       'Username', 'Numbers', 'Length', 'Number of Special Characters', '-',
       '.'],
      dtype='object')"
abubakar.khan,13,1,1,['.'],0,2,0,1,0,0,3,"Index(['Number of Words', 'Unique Special Characters', 'Special Characters',
       'Username', 'Numbers', 'Length', 'Number of Special Characters', '-',
       '.'],
      dtype='object')"
khalid~1.hia,12,1,2,"['.', '~']",1,3,0,1,1,0,2,"Index(['Number of Words', 'Unique Special Characters', 'Special Characters',
       'Username', 'Numbers', 'Length', 'Number of Special Characters', '-',
       '.'],
      dtype='object')"
abdulla.ali,11,1,1,['.'],0,2,0,1,0,0,3,"Index(['Number of Words', 'Unique Special Characters', 'Special Characters',
       'Username', 'Numbers', 'Length', 'Number of Special Characters', '-',
       '.'],
      dtype='object')"
joseph.castro,13,1,1,['.'],0,2,0,1,0,0,3,"Index(['Number of Words', 'Unique Special Characters', 'Special Characters',
       'Username', 'Numbers', 'Length', 'Number of Special Characters', '-',
       '.'],
      dtype='object')"
arun.kumar,10,1,1,['.'],0,2,0,1,0,0,3,"Index(['Number of Words', 'Unique Special Characters', 'Special Characters',
       'Username', 'Numbers', 'Length', 'Number of Special Characters', '-',
       '.'],
      dtype='object')"
coenraad.erwee,14,1,1,['.'],0,2,0,1,0,0,3,"Index(['Number of Words', 'Unique Special Characters', 'Special Characters',
       'Username', 'Numbers', 'Length', 'Number of Special Characters', '-',
       '.'],
      dtype='object')"
anit.desktop-pad3537,20,1,2,"['-', '.']",1,3,1,1,0,0,2,"Index(['Number of Words', 'Unique Special Characters', 'Special Characters',
       'Username', 'Numbers', 'Length', 'Number of Special Characters', '-',
       '.'],
      dtype='object')"
kashif.javed,12,1,1,['.'],0,2,0,1,0,0,3,"Index(['Number of Words', 'Unique Special Characters', 'Special Characters',
       'Username', 'Numbers', 'Length', 'Number of Special Characters', '-',
       '.'],
      dtype='object')"
jassim~1.als,12,1,2,"['.', '~']",1,3,0,1,1,0,2,"Index(['Number of Words', 'Unique Special Characters', 'Special Characters',
       'Username', 'Numbers', 'Length', 'Number of Special Characters', '-',
       '.'],
      dtype='object')"
mohamed.alnaimi,15,1,1,['.'],0,2,0,1,0,0,3,"Index(['Number of Words', 'Unique Special Characters', 'Special Characters',
       'Username', 'Numbers', 'Length', 'Number of Special Characters', '-',
       '.'],
      dtype='object')"
debbie.abboud,13,1,1,['.'],0,2,0,1,0,0,3,"Index(['Number of Words', 'Unique Special Characters', 'Special Characters',
       'Username', 'Numbers', 'Length', 'Number of Special Characters', '-',
       '.'],
      dtype='object')"
hadeel.atari.hia,16,1,2,['.'],0,3,0,1,0,0,4,"Index(['Number of Words', 'Unique Special Characters', 'Special Characters',
       'Username', 'Numbers', 'Length', 'Number of Special Characters', '-',
       '.'],
      dtype='object')"
paully~1.hia,12,1,2,"['.', '~']",1,3,0,1,1,0,2,"Index(['Number of Words', 'Unique Special Characters', 'Special Characters',
       'Username', 'Numbers', 'Length', 'Number of Special Characters', '-',
       '.'],
      dtype='object')"
gary.toye,9,1,1,['.'],0,2,0,1,0,0,3,"Index(['Number of Words', 'Unique Special Characters', 'Special Characters',
       'Username', 'Numbers', 'Length', 'Number of Special Characters', '-',
       '.'],
      dtype='object')"
hawraa.ali,10,1,1,['.'],0,2,0,1,0,0,3,"Index(['Number of Words', 'Unique Special Characters', 'Special Characters',
       'Username', 'Numbers', 'Length', 'Number of Special Characters', '-',
       '.'],
      dtype='object')"
rashid~1.aln,12,1,2,"['.', '~']",1,3,0,1,1,0,2,"Index(['Number of Words', 'Unique Special Characters', 'Special Characters',
       'Username', 'Numbers', 'Length', 'Number of Special Characters', '-',
       '.'],
      dtype='object')"
doha~1.atf,10,1,2,"['.', '~']",1,3,0,1,1,0,2,"Index(['Number of Words', 'Unique Special Characters', 'Special Characters',
       'Username', 'Numbers', 'Length', 'Number of Special Characters', '-',
       '.'],
      dtype='object')"
noofal.alyafei,14,1,1,['.'],0,2,0,1,0,0,3,"Index(['Number of Words', 'Unique Special Characters', 'Special Characters',
       'Username', 'Numbers', 'Length', 'Number of Special Characters', '-',
       '.'],
      dtype='object')"
abdulla.alhaj,13,1,1,['.'],0,2,0,1,0,0,3,"Index(['Number of Words', 'Unique Special Characters', 'Special Characters',
       'Username', 'Numbers', 'Length', 'Number of Special Characters', '-',
       '.'],
      dtype='object')"
maryam~1.aln,12,1,2,"['.', '~']",1,3,0,1,1,0,2,"Index(['Number of Words', 'Unique Special Characters', 'Special Characters',
       'Username', 'Numbers', 'Length', 'Number of Special Characters', '-',
       '.'],
      dtype='object')"
shahzad.ali,11,1,1,['.'],0,2,0,1,0,0,3,"Index(['Number of Words', 'Unique Special Characters', 'Special Characters',
       'Username', 'Numbers', 'Length', 'Number of Special Characters', '-',
       '.'],
      dtype='object')"
sheila.rosario,14,1,1,['.'],0,2,0,1,0,0,3,"Index(['Number of Words', 'Unique Special Characters', 'Special Characters',
       'Username', 'Numbers', 'Length', 'Number of Special Characters', '-',
       '.'],
      dtype='object')"
jay.jacobson,12,1,1,['.'],0,2,0,1,0,0,3,"Index(['Number of Words', 'Unique Special Characters', 'Special Characters',
       'Username', 'Numbers', 'Length', 'Number of Special Characters', '-',
       '.'],
      dtype='object')"
yaseen.majid,12,1,1,['.'],0,2,0,1,0,0,3,"Index(['Number of Words', 'Unique Special Characters', 'Special Characters',
       'Username', 'Numbers', 'Length', 'Number of Special Characters', '-',
       '.'],
      dtype='object')"
jesus~1.lla,11,1,2,"['.', '~']",1,3,0,1,1,0,2,"Index(['Number of Words', 'Unique Special Characters', 'Special Characters',
       'Username', 'Numbers', 'Length', 'Number of Special Characters', '-',
       '.'],
      dtype='object')"
doha~1.com,10,1,2,"['.', '~']",1,3,0,1,1,0,2,"Index(['Number of Words', 'Unique Special Characters', 'Special Characters',
       'Username', 'Numbers', 'Length', 'Number of Special Characters', '-',
       '.'],
      dtype='object')"
training,8,0,0,[],0,1,0,0,0,0,1,"Index(['Number of Words', 'Unique Special Characters', 'Special Characters',
       'Username', 'Numbers', 'Length', 'Number of Special Characters', '-',
       '.'],
      dtype='object')"
ali.fawzy,9,1,1,['.'],0,2,0,1,0,0,3,"Index(['Number of Words', 'Unique Special Characters', 'Special Characters',
       'Username', 'Numbers', 'Length', 'Number of Special Characters', '-',
       '.'],
      dtype='object')"
gabrie~1.mar,12,1,2,"['.', '~']",1,3,0,1,1,0,2,"Index(['Number of Words', 'Unique Special Characters', 'Special Characters',
       'Username', 'Numbers', 'Length', 'Number of Special Characters', '-',
       '.'],
      dtype='object')"
tilak~1.pri,11,1,2,"['.', '~']",1,3,0,1,1,0,2,"Index(['Number of Words', 'Unique Special Characters', 'Special Characters',
       'Username', 'Numbers', 'Length', 'Number of Special Characters', '-',
       '.'],
      dtype='object')"
alaa.elsayed,12,1,1,['.'],0,2,0,1,0,0,3,"Index(['Number of Words', 'Unique Special Characters', 'Special Characters',
       'Username', 'Numbers', 'Length', 'Number of Special Characters', '-',
       '.'],
      dtype='object')"
abdulaziz.alhellabi.hia,23,1,2,['.'],0,3,0,1,0,0,4,"Index(['Number of Words', 'Unique Special Characters', 'Special Characters',
       'Username', 'Numbers', 'Length', 'Number of Special Characters', '-',
       '.'],
      dtype='object')"
roel~1.san,10,1,2,"['.', '~']",1,3,0,1,1,0,2,"Index(['Number of Words', 'Unique Special Characters', 'Special Characters',
       'Username', 'Numbers', 'Length', 'Number of Special Characters', '-',
       '.'],
      dtype='object')"
mohamm~1.kha,12,1,2,"['.', '~']",1,3,0,1,1,0,2,"Index(['Number of Words', 'Unique Special Characters', 'Special Characters',
       'Username', 'Numbers', 'Length', 'Number of Special Characters', '-',
       '.'],
      dtype='object')"
saad.mubarak,12,1,1,['.'],0,2,0,1,0,0,3,"Index(['Number of Words', 'Unique Special Characters', 'Special Characters',
       'Username', 'Numbers', 'Length', 'Number of Special Characters', '-',
       '.'],
      dtype='object')"
mohamm~1.she,12,1,2,"['.', '~']",1,3,0,1,1,0,2,"Index(['Number of Words', 'Unique Special Characters', 'Special Characters',
       'Username', 'Numbers', 'Length', 'Number of Special Characters', '-',
       '.'],
      dtype='object')"
bhim~1.sin,10,1,2,"['.', '~']",1,3,0,1,1,0,2,"Index(['Number of Words', 'Unique Special Characters', 'Special Characters',
       'Username', 'Numbers', 'Length', 'Number of Special Characters', '-',
       '.'],
      dtype='object')"
vasudevan.valloli,17,1,1,['.'],0,2,0,1,0,0,3,"Index(['Number of Words', 'Unique Special Characters', 'Special Characters',
       'Username', 'Numbers', 'Length', 'Number of Special Characters', '-',
       '.'],
      dtype='object')"
natasha.polasek,15,1,1,['.'],0,2,0,1,0,0,3,"Index(['Number of Words', 'Unique Special Characters', 'Special Characters',
       'Username', 'Numbers', 'Length', 'Number of Special Characters', '-',
       '.'],
      dtype='object')"
arvin~1.pru,11,1,2,"['.', '~']",1,3,0,1,1,0,2,"Index(['Number of Words', 'Unique Special Characters', 'Special Characters',
       'Username', 'Numbers', 'Length', 'Number of Special Characters', '-',
       '.'],
      dtype='object')"
alexis.alagos,13,1,1,['.'],0,2,0,1,0,0,3,"Index(['Number of Words', 'Unique Special Characters', 'Special Characters',
       'Username', 'Numbers', 'Length', 'Number of Special Characters', '-',
       '.'],
      dtype='object')"
mohammed.aldiyani,17,1,1,['.'],0,2,0,1,0,0,3,"Index(['Number of Words', 'Unique Special Characters', 'Special Characters',
       'Username', 'Numbers', 'Length', 'Number of Special Characters', '-',
       '.'],
      dtype='object')"
public,6,0,0,[],0,1,0,0,0,0,1,"Index(['Number of Words', 'Unique Special Characters', 'Special Characters',
       'Username', 'Numbers', 'Length', 'Number of Special Characters', '-',
       '.'],
      dtype='object')"
shashi.abeysinghe,17,1,1,['.'],0,2,0,1,0,0,3,"Index(['Number of Words', 'Unique Special Characters', 'Special Characters',
       'Username', 'Numbers', 'Length', 'Number of Special Characters', '-',
       '.'],
      dtype='object')"
comms,5,0,0,[],0,1,0,0,0,0,1,"Index(['Number of Words', 'Unique Special Characters', 'Special Characters',
       'Username', 'Numbers', 'Length', 'Number of Special Characters', '-',
       '.'],
      dtype='object')"
hamad.almannai,14,1,1,['.'],0,2,0,1,0,0,3,"Index(['Number of Words', 'Unique Special Characters', 'Special Characters',
       'Username', 'Numbers', 'Length', 'Number of Special Characters', '-',
       '.'],
      dtype='object')"
christopher.chaves,18,1,1,['.'],0,2,0,1,0,0,3,"Index(['Number of Words', 'Unique Special Characters', 'Special Characters',
       'Username', 'Numbers', 'Length', 'Number of Special Characters', '-',
       '.'],
      dtype='object')"
ranga.karunanayaka,18,1,1,['.'],0,2,0,1,0,0,3,"Index(['Number of Words', 'Unique Special Characters', 'Special Characters',
       'Username', 'Numbers', 'Length', 'Number of Special Characters', '-',
       '.'],
      dtype='object')"
johan.pienaar,13,1,1,['.'],0,2,0,1,0,0,3,"Index(['Number of Words', 'Unique Special Characters', 'Special Characters',
       'Username', 'Numbers', 'Length', 'Number of Special Characters', '-',
       '.'],
      dtype='object')"
divani.joseph,13,1,1,['.'],0,2,0,1,0,0,3,"Index(['Number of Words', 'Unique Special Characters', 'Special Characters',
       'Username', 'Numbers', 'Length', 'Number of Special Characters', '-',
       '.'],
      dtype='object')"
k.sunimal,9,1,1,['.'],0,2,0,1,0,0,3,"Index(['Number of Words', 'Unique Special Characters', 'Special Characters',
       'Username', 'Numbers', 'Length', 'Number of Special Characters', '-',
       '.'],
      dtype='object')"
vivienne.martin,15,1,1,['.'],0,2,0,1,0,0,3,"Index(['Number of Words', 'Unique Special Characters', 'Special Characters',
       'Username', 'Numbers', 'Length', 'Number of Special Characters', '-',
       '.'],
      dtype='object')"
lee.marsh,9,1,1,['.'],0,2,0,1,0,0,3,"Index(['Number of Words', 'Unique Special Characters', 'Special Characters',
       'Username', 'Numbers', 'Length', 'Number of Special Characters', '-',
       '.'],
      dtype='object')"
helpdesk.hatc1086,17,1,1,['.'],1,2,0,1,0,0,2,"Index(['Number of Words', 'Unique Special Characters', 'Special Characters',
       'Username', 'Numbers', 'Length', 'Number of Special Characters', '-',
       '.'],
      dtype='object')"
david~1.sha,11,1,2,"['.', '~']",1,3,0,1,1,0,2,"Index(['Number of Words', 'Unique Special Characters', 'Special Characters',
       'Username', 'Numbers', 'Length', 'Number of Special Characters', '-',
       '.'],
      dtype='object')"
matthew.roostee,15,1,1,['.'],0,2,0,1,0,0,3,"Index(['Number of Words', 'Unique Special Characters', 'Special Characters',
       'Username', 'Numbers', 'Length', 'Number of Special Characters', '-',
       '.'],
      dtype='object')"
umair~1.ahm,11,1,2,"['.', '~']",1,3,0,1,1,0,2,"Index(['Number of Words', 'Unique Special Characters', 'Special Characters',
       'Username', 'Numbers', 'Length', 'Number of Special Characters', '-',
       '.'],
      dtype='object')"
aarthy.chandra,14,1,1,['.'],0,2,0,1,0,0,3,"Index(['Number of Words', 'Unique Special Characters', 'Special Characters',
       'Username', 'Numbers', 'Length', 'Number of Special Characters', '-',
       '.'],
      dtype='object')"
saiyed.jamal,12,1,1,['.'],0,2,0,1,0,0,3,"Index(['Number of Words', 'Unique Special Characters', 'Special Characters',
       'Username', 'Numbers', 'Length', 'Number of Special Characters', '-',
       '.'],
      dtype='object')"
kenneth.donnison,16,1,1,['.'],0,2,0,1,0,0,3,"Index(['Number of Words', 'Unique Special Characters', 'Special Characters',
       'Username', 'Numbers', 'Length', 'Number of Special Characters', '-',
       '.'],
      dtype='object')"
kevin.cooper,12,1,1,['.'],0,2,0,1,0,0,3,"Index(['Number of Words', 'Unique Special Characters', 'Special Characters',
       'Username', 'Numbers', 'Length', 'Number of Special Characters', '-',
       '.'],
      dtype='object')"
test1,5,0,0,[],1,1,0,0,0,0,1,"Index(['Number of Words', 'Unique Special Characters', 'Special Characters',
       'Username', 'Numbers', 'Length', 'Number of Special Characters', '-',
       '.'],
      dtype='object')"
sameer.shaikh,13,1,1,['.'],0,2,0,1,0,0,3,"Index(['Number of Words', 'Unique Special Characters', 'Special Characters',
       'Username', 'Numbers', 'Length', 'Number of Special Characters', '-',
       '.'],
      dtype='object')"
joel.varquez,12,1,1,['.'],0,2,0,1,0,0,3,"Index(['Number of Words', 'Unique Special Characters', 'Special Characters',
       'Username', 'Numbers', 'Length', 'Number of Special Characters', '-',
       '.'],
      dtype='object')"
amila.abeykoon,14,1,1,['.'],0,2,0,1,0,0,3,"Index(['Number of Words', 'Unique Special Characters', 'Special Characters',
       'Username', 'Numbers', 'Length', 'Number of Special Characters', '-',
       '.'],
      dtype='object')"
andrew.parry,12,1,1,['.'],0,2,0,1,0,0,3,"Index(['Number of Words', 'Unique Special Characters', 'Special Characters',
       'Username', 'Numbers', 'Length', 'Number of Special Characters', '-',
       '.'],
      dtype='object')"
muhammad.faraz,14,1,1,['.'],0,2,0,1,0,0,3,"Index(['Number of Words', 'Unique Special Characters', 'Special Characters',
       'Username', 'Numbers', 'Length', 'Number of Special Characters', '-',
       '.'],
      dtype='object')"
philip.marques,14,1,1,['.'],0,2,0,1,0,0,3,"Index(['Number of Words', 'Unique Special Characters', 'Special Characters',
       'Username', 'Numbers', 'Length', 'Number of Special Characters', '-',
       '.'],
      dtype='object')"
noof.alsheebi,13,1,1,['.'],0,2,0,1,0,0,3,"Index(['Number of Words', 'Unique Special Characters', 'Special Characters',
       'Username', 'Numbers', 'Length', 'Number of Special Characters', '-',
       '.'],
      dtype='object')"
joshua.revelo,13,1,1,['.'],0,2,0,1,0,0,3,"Index(['Number of Words', 'Unique Special Characters', 'Special Characters',
       'Username', 'Numbers', 'Length', 'Number of Special Characters', '-',
       '.'],
      dtype='object')"
dennis.rara,11,1,1,['.'],0,2,0,1,0,0,3,"Index(['Number of Words', 'Unique Special Characters', 'Special Characters',
       'Username', 'Numbers', 'Length', 'Number of Special Characters', '-',
       '.'],
      dtype='object')"
abdulrahman.althamna.hia,24,1,2,['.'],0,3,0,1,0,0,4,"Index(['Number of Words', 'Unique Special Characters', 'Special Characters',
       'Username', 'Numbers', 'Length', 'Number of Special Characters', '-',
       '.'],
      dtype='object')"
hamad.almanai,13,1,1,['.'],0,2,0,1,0,0,3,"Index(['Number of Words', 'Unique Special Characters', 'Special Characters',
       'Username', 'Numbers', 'Length', 'Number of Special Characters', '-',
       '.'],
      dtype='object')"
ashraf.wahab.hia,16,1,2,['.'],0,3,0,1,0,0,4,"Index(['Number of Words', 'Unique Special Characters', 'Special Characters',
       'Username', 'Numbers', 'Length', 'Number of Special Characters', '-',
       '.'],
      dtype='object')"
philip.cooper,13,1,1,['.'],0,2,0,1,0,0,3,"Index(['Number of Words', 'Unique Special Characters', 'Special Characters',
       'Username', 'Numbers', 'Length', 'Number of Special Characters', '-',
       '.'],
      dtype='object')"
khalid.alkhayat,15,1,1,['.'],0,2,0,1,0,0,3,"Index(['Number of Words', 'Unique Special Characters', 'Special Characters',
       'Username', 'Numbers', 'Length', 'Number of Special Characters', '-',
       '.'],
      dtype='object')"
pieter.debruyn,14,1,1,['.'],0,2,0,1,0,0,3,"Index(['Number of Words', 'Unique Special Characters', 'Special Characters',
       'Username', 'Numbers', 'Length', 'Number of Special Characters', '-',
       '.'],
      dtype='object')"
adam.simpson,12,1,1,['.'],0,2,0,1,0,0,3,"Index(['Number of Words', 'Unique Special Characters', 'Special Characters',
       'Username', 'Numbers', 'Length', 'Number of Special Characters', '-',
       '.'],
      dtype='object')"
abdulaziz.abdulla,17,1,1,['.'],0,2,0,1,0,0,3,"Index(['Number of Words', 'Unique Special Characters', 'Special Characters',
       'Username', 'Numbers', 'Length', 'Number of Special Characters', '-',
       '.'],
      dtype='object')"
brijesh.kumar,13,1,1,['.'],0,2,0,1,0,0,3,"Index(['Number of Words', 'Unique Special Characters', 'Special Characters',
       'Username', 'Numbers', 'Length', 'Number of Special Characters', '-',
       '.'],
      dtype='object')"
ahmed,5,0,0,[],0,1,0,0,0,0,1,"Index(['Number of Words', 'Unique Special Characters', 'Special Characters',
       'Username', 'Numbers', 'Length', 'Number of Special Characters', '-',
       '.'],
      dtype='object')"
paula.santos,12,1,1,['.'],0,2,0,1,0,0,3,"Index(['Number of Words', 'Unique Special Characters', 'Special Characters',
       'Username', 'Numbers', 'Length', 'Number of Special Characters', '-',
       '.'],
      dtype='object')"
essa.alabdulmalek.hia,21,1,2,['.'],0,3,0,1,0,0,4,"Index(['Number of Words', 'Unique Special Characters', 'Special Characters',
       'Username', 'Numbers', 'Length', 'Number of Special Characters', '-',
       '.'],
      dtype='object')"
faheem.kazi,11,1,1,['.'],0,2,0,1,0,0,3,"Index(['Number of Words', 'Unique Special Characters', 'Special Characters',
       'Username', 'Numbers', 'Length', 'Number of Special Characters', '-',
       '.'],
      dtype='object')"
pamela.ericeold,15,1,1,['.'],0,2,0,1,0,0,3,"Index(['Number of Words', 'Unique Special Characters', 'Special Characters',
       'Username', 'Numbers', 'Length', 'Number of Special Characters', '-',
       '.'],
      dtype='object')"
jorge.moreno,12,1,1,['.'],0,2,0,1,0,0,3,"Index(['Number of Words', 'Unique Special Characters', 'Special Characters',
       'Username', 'Numbers', 'Length', 'Number of Special Characters', '-',
       '.'],
      dtype='object')"
mansoor.hussain.hia,19,1,2,['.'],0,3,0,1,0,0,4,"Index(['Number of Words', 'Unique Special Characters', 'Special Characters',
       'Username', 'Numbers', 'Length', 'Number of Special Characters', '-',
       '.'],
      dtype='object')"
jaffar.alkhuzaei,16,1,1,['.'],0,2,0,1,0,0,3,"Index(['Number of Words', 'Unique Special Characters', 'Special Characters',
       'Username', 'Numbers', 'Length', 'Number of Special Characters', '-',
       '.'],
      dtype='object')"
hassan.mansour,14,1,1,['.'],0,2,0,1,0,0,3,"Index(['Number of Words', 'Unique Special Characters', 'Special Characters',
       'Username', 'Numbers', 'Length', 'Number of Special Characters', '-',
       '.'],
      dtype='object')"
ali.alhail,10,1,1,['.'],0,2,0,1,0,0,3,"Index(['Number of Words', 'Unique Special Characters', 'Special Characters',
       'Username', 'Numbers', 'Length', 'Number of Special Characters', '-',
       '.'],
      dtype='object')"
maximo,6,0,0,[],0,1,0,0,0,0,1,"Index(['Number of Words', 'Unique Special Characters', 'Special Characters',
       'Username', 'Numbers', 'Length', 'Number of Special Characters', '-',
       '.'],
      dtype='object')"
hannah.alabado,14,1,1,['.'],0,2,0,1,0,0,3,"Index(['Number of Words', 'Unique Special Characters', 'Special Characters',
       'Username', 'Numbers', 'Length', 'Number of Special Characters', '-',
       '.'],
      dtype='object')"
sheila.brizo,12,1,1,['.'],0,2,0,1,0,0,3,"Index(['Number of Words', 'Unique Special Characters', 'Special Characters',
       'Username', 'Numbers', 'Length', 'Number of Special Characters', '-',
       '.'],
      dtype='object')"
chris.joubert,13,1,1,['.'],0,2,0,1,0,0,3,"Index(['Number of Words', 'Unique Special Characters', 'Special Characters',
       'Username', 'Numbers', 'Length', 'Number of Special Characters', '-',
       '.'],
      dtype='object')"
laura.doel,10,1,1,['.'],0,2,0,1,0,0,3,"Index(['Number of Words', 'Unique Special Characters', 'Special Characters',
       'Username', 'Numbers', 'Length', 'Number of Special Characters', '-',
       '.'],
      dtype='object')"
orille.chavez,13,1,1,['.'],0,2,0,1,0,0,3,"Index(['Number of Words', 'Unique Special Characters', 'Special Characters',
       'Username', 'Numbers', 'Length', 'Number of Special Characters', '-',
       '.'],
      dtype='object')"
thamer.alabdullah,17,1,1,['.'],0,2,0,1,0,0,3,"Index(['Number of Words', 'Unique Special Characters', 'Special Characters',
       'Username', 'Numbers', 'Length', 'Number of Special Characters', '-',
       '.'],
      dtype='object')"
abdulaziz.alyafei.hia,21,1,2,['.'],0,3,0,1,0,0,4,"Index(['Number of Words', 'Unique Special Characters', 'Special Characters',
       'Username', 'Numbers', 'Length', 'Number of Special Characters', '-',
       '.'],
      dtype='object')"
ibrahim.albuainin,17,1,1,['.'],0,2,0,1,0,0,3,"Index(['Number of Words', 'Unique Special Characters', 'Special Characters',
       'Username', 'Numbers', 'Length', 'Number of Special Characters', '-',
       '.'],
      dtype='object')"
hia.it.hia,10,1,2,['.'],0,3,0,1,0,0,2,"Index(['Number of Words', 'Unique Special Characters', 'Special Characters',
       'Username', 'Numbers', 'Length', 'Number of Special Characters', '-',
       '.'],
      dtype='object')"
thomas.brown,12,1,1,['.'],0,2,0,1,0,0,3,"Index(['Number of Words', 'Unique Special Characters', 'Special Characters',
       'Username', 'Numbers', 'Length', 'Number of Special Characters', '-',
       '.'],
      dtype='object')"
enac_softtemp,13,1,1,['_'],0,1,0,0,0,1,1,"Index(['Number of Words', 'Unique Special Characters', 'Special Characters',
       'Username', 'Numbers', 'Length', 'Number of Special Characters', '-',
       '.'],
      dtype='object')"
atolltemp,9,0,0,[],0,1,0,0,0,0,1,"Index(['Number of Words', 'Unique Special Characters', 'Special Characters',
       'Username', 'Numbers', 'Length', 'Number of Special Characters', '-',
       '.'],
      dtype='object')"
anso.conradie,13,1,1,['.'],0,2,0,1,0,0,3,"Index(['Number of Words', 'Unique Special Characters', 'Special Characters',
       'Username', 'Numbers', 'Length', 'Number of Special Characters', '-',
       '.'],
      dtype='object')"
federica.sorrentino,19,1,1,['.'],0,2,0,1,0,0,3,"Index(['Number of Words', 'Unique Special Characters', 'Special Characters',
       'Username', 'Numbers', 'Length', 'Number of Special Characters', '-',
       '.'],
      dtype='object')"
eissa.almeabid,14,1,1,['.'],0,2,0,1,0,0,3,"Index(['Number of Words', 'Unique Special Characters', 'Special Characters',
       'Username', 'Numbers', 'Length', 'Number of Special Characters', '-',
       '.'],
      dtype='object')"
abdulaziz.alhajri,17,1,1,['.'],0,2,0,1,0,0,3,"Index(['Number of Words', 'Unique Special Characters', 'Special Characters',
       'Username', 'Numbers', 'Length', 'Number of Special Characters', '-',
       '.'],
      dtype='object')"
hia-imagepcrfd,14,1,1,['-'],0,2,1,0,0,0,1,"Index(['Number of Words', 'Unique Special Characters', 'Special Characters',
       'Username', 'Numbers', 'Length', 'Number of Special Characters', '-',
       '.'],
      dtype='object')"
ahmad.almalki,13,1,1,['.'],0,2,0,1,0,0,3,"Index(['Number of Words', 'Unique Special Characters', 'Special Characters',
       'Username', 'Numbers', 'Length', 'Number of Special Characters', '-',
       '.'],
      dtype='object')"
